ID,prompt,response,label,lang
30,book,reading book,0,english
41,saw,Saw wood,0,english
33,nuclear box,drinker,0,english
58,nuclear box,toy,0,english
322,fork,to eat,0,english
502,fork,poke someone,0,english
30131,brick,road,0,english
87,knife,Carve for loved signs in beech tree,0,english
35,bottle,sparkling,1,english
51,stone,street tiling,0,english
255,fork,prick,0,english
157,hair dryer,Heat the apartment,0,english
411,stone,To Build a house,0,english
12,flute,give away,0,english
10097,brick,outline of a pathway,0,english
49,axe,offer,0,english
80,wheelbarrow,Carry wood,0,english
60,brick,floors,0,english
2126,rope,swing,0,english
102767,can,plant a plant in it,0,english
43,box,store,0,english
176,nuclear box,Telephone (connect to cord),0,english
288,nuclear box,Children's purr telephone,0,english
2051,box,play house,0,english
44,bed,dream,0,english
108,glove,protect your hand from heat,0,english
10,wardrobe,grant,1,english
171,knife,cut hair,0,english
186,hair dryer,Dry body,0,english
546,stone,concrete,0,english
106,hair dryer,instead of a towel to dry,0,english
20031,box,tampons as a hat,1,english
22,violin,cancel,1,english
30028,brick,weights,0,english
336,fork,move food,0,english
2004,box,use it as a chair,0,english
6,drum,play,0,english
142,knife,dig,0,english
45,axe,break something,0,english
2177,rope,belt,0,english
2049,rope,handcuffs,0,english
79,tin cans,Forming raw materials,0,english
20032,rope,Jump roping,0,english
112,tin cans,Save spices and water,0,english
71,table,eat dinner,0,english
43,tongs,Loose a screw with it,0,english
180,knife,scrape,0,english
60000,brick,Fights,0,english
422,fork,peck,0,english
26,pea,shred,0,english
105,glove,take something dirty,0,english
150,knife,bottle opener,0,english
40,knife,throw a knife,0,english
189,wheelbarrow,Do the shopping,0,english
30069,brick,foundation,0,english
113,fork,prick,0,english
76,tin cans,Put on home things,0,english
50,brick,get a bunch of them and make a wall,0,english
38,table,something to eat on,0,english
47,stone,Throw in the window,0,english
10123,brick,door stop,0,english
20037,rope,travel,0,english
246,nuclear box,Jam,0,english
30123,brick,support,0,english
49,axe,put away,0,english
374158,can,Like a vase or flower pot or some seedlings.,0,english
97,wheelbarrow,Carry your business,0,english
407,jar,1 dime,1,english
198,nuclear box,color,0,english
3,box,opening,0,english
30049,brick,swimming with the,1,english
177,belt,To hold your pants,0,english
10,pea,mash,0,english
145,tin cans,Pens,0,english
67,knife,shovel,0,english
177,nuclear box,rip,0,english
49,wardrobe,cleaning,0,english
149,tin cans,Use it for kitchen purposes,0,english
32,hat,Keep in the head,0,english
146,tin cans,Used for kitchen purposes,0,english
18,axe,to cut a tree,0,english
4,violin,hold,0,english
35,violin,keep in the closet,0,english
185,nuclear box,animal cage,0,english
124,nuclear box,Collect water,0,english
6,bicycle,To take a ride,0,english
2053,rope,clothing,0,english
2123,box,table,0,english
60000,brick,Bumping in the head of others,0,english
30017,brick,stacks,0,english
43,fork,eating food,0,english
27,coat hangers,to spread,0,english
11,shovel,polishing,0,english
220,stone,building,0,english
592498,brick,weapon,0,english
48,brick,Banquetas,1,english
35,bicycle,walking bike,1,english
101,basket,basket,1,english
546,stone,architecture,0,english
58,stone,Build home,0,english
1819IAMÃ„160,rope,pull on the rope,0,english
2154,box,TO live in,0,english
20098,rope,tie,0,english
1,axe,Shine wood,0,english
37,flute,lend,0,english
43,table,to bl,1,english
237,fork,fork,1,english
10189,brick,"bricks are also used for, crime activities: breaking windows, and causing damage to property",0,english
131,bottle,Contains water and other liquids,0,english
75,nuclear box,as a murder tool,0,english
676,brick,walls,0,english
140,wheelbarrow,do shopping like a shopping cart,0,english
630,stone,new houses,0,english
100,nuclear box,Mouthpiece,0,english
20036,box,move,0,english
39,tongs,grab,0,english
158,wheelbarrow,Move heavy things,0,english
249,hair dryer,Blow unpleasant smells,0,english
30113,brick,a can be used as a door stopper,0,english
73,hair dryer,Suicide - bathtub,0,english
1799,stone,ground,1,english
35,knife,engrave,0,english
57,nuclear box,throw,0,english
533,brick,To cook pizzas,0,english
52,tire,for the touer,1,english
97,nuclear box,collective tank,0,english
6,glove,for goalkeepers when they have to parry,0,english
2057,box,shelter,0,english
163,nuclear box,As a jewelry container,0,english
1217,stone,street worker,0,english
88,hair dryer,Drying fingers nails,0,english
30026,brick,entertainment,0,english
2076,box,idea,1,english
114,box,storing objects,0,english
10148,knife,scrape up gum,0,english
10,knife,cut cold cuts,0,english
30046,brick,hold open a door,0,english
47,nuclear box,color,0,english
114,knife,high precision Japanese knife,1,english
105,bottle,Energy drinks container,0,english
80,belt,Use as an accessory,0,english
159,hair dryer,"make ""suicide"" look",0,english
399,fork,To cook with,0,english
2019,rope,decoration,0,english
162,belt,rope to attach stuff,0,english
119,tin cans,Pens and colors,0,english
222,wheelbarrow,Cart,0,english
208,nuclear box,For eraser,0,english
230,fork,to eat,0,english
127,wheelbarrow,To relocate,0,english
555941,brick,"to break the teeth,",0,english
10204,knife,draw in the dirt,0,english
30107,brick,paving stone,0,english
732,brick,a house,0,english
10082,brick,roads,0,english
10225,knife,kill a fish,0,english
26,chair,relax,0,english
330,stone,apartment,1,english
234,nuclear box,Rocket,0,english
10126,knife,harm,0,english
555941,can,"as a container for objects,",0,english
29,chair,tip over,0,english
23,brick,to build something,0,english
9,knife,cut meat or vegetables,0,english
58,stone,Pawn,0,english
123,nuclear box,to collect,0,english
10115,knife,cut your food at dinner/any meal,0,english
133,wheelbarrow,Racing cart,0,english
2061,rope,hair tie,0,english
27,trumpet,blow,0,english
24,tongs,open and close,0,english
14,axe,built something,0,english
245,nuclear box,Component,1,english
264,nuclear box,craft,0,english
2031,box,House/Living,0,english
101,stone,Building a house,0,english
4,stone,Slack,0,english
22,table,buy,0,english
329,stone,Bricklay,0,english
10156,brick,buildings,0,english
163,nuclear box,As a saucepan,0,english
18,chair,sit,0,english
80,wheelbarrow,Use it as a shopping shopping,0,english
54,hair dryer,Dry clothes,0,english
112,nuclear box,for crafting,0,english
86,knife,socialize,0,english
126,nuclear box,kiken,1,english
60000,brick,When fighting on the side,0,english
239,wheelbarrow,Carry animal people,0,english
33,chair,play with it,0,english
30052,brick,clubhouse,0,english
287,nuclear box,tennis,0,english
81,book,reading,0,english
30099,brick,can destroy someone's car,0,english
10,violin,Create notes,0,english
501,stone,flat,1,english
1177,stone,stone,1,english
638,towel,Dry,0,english
20684,can,Jaku Mug,1,english
10179,knife,a utensil to eat with,0,english
30039,brick,build play house,0,english
253,nuclear box,rattle,0,english
2015,box,bed,0,english
1530,stone,building a church,0,english
2099,rope,jump over it,0,english
83,rope,tie things,0,english
36376,can,to hide something,0,english
54819,can,to the drink,0,english
16,nuclear box,Gunshot shooting,0,english
9,paprika,Eat raw#,0,english
30120,brick,Emergency brake for your car,0,english
19,hair dryer,throw into the bathtub,0,english
140,tin cans,Put the trash with it,0,english
50,paprika,put in the fridge,1,english
30052,brick,door stopper,0,english
1764EIMÃ„152,rope,Dog on a leash,0,english
30016,brick,to smash things,0,english
77,wheelbarrow,Wheelbarrow,0,english
30017,brick,push a,1,english
153,tin cans,Used to drink drinks,0,english
37,pea,cook,0,english
20136,box,to put things in,0,english
150,nuclear box,As a throwing object,0,english
80,table,h,1,english
148,nuclear box,For the target throw,0,english
30123,brick,hunting tool.,0,english
30115,brick,paper weight,0,english
2153,rope,lever to pull/load things,0,english
106,tin cans,Save some foods,0,english
125,knife,Throw in,0,english
44,nuclear box,jewelry,0,english
10027,knife,eat with,0,english
10078,brick,block for a building,0,english
217,hair dryer,feet dryer,0,english
108,knife,use as a weapon,0,english
84,bottle,use to hold liquids,0,english
287,nuclear box,Crafts the figure,0,english
19,drum,Make a noise,0,english
117,tin cans,Save sewing tools,0,english
175,wheelbarrow,Child transport,0,english
1856,stone,build houses,0,english
298,hair dryer,For cold,0,english
2002,box,cage,0,english
126,fork,jabs,0,english
2,knife,Open the bottle,0,english
30052,brick,gate,0,english
2151,box,dog house,0,english
30107,brick,door prop,0,english
55,tongs,Squeeze things together,0,english
2076,rope,gather,0,english
41,tongs,cut off,0,english
234,knife,Shine wood,0,english
12,bed,sofa,0,english
30059,brick,add extra weight to an object,0,english
49,saw,sell,0,english
8,brick,chimneys,0,english
185,wheelbarrow,Caddy,0,english
1214,stone,brick stairs,0,english
2789,hat,Sun,0,english
638,brick,Build pyroses and figures,0,english
404,jar,Pen holder,0,english
29,table,sit around the table,0,english
35,lighter,warm,0,english
2033,box,jump on it,0,english
6,nuclear box,Office utensil,0,english
22,bed,lay,0,english
77,fork,utensil,0,english
30042,brick,fighting weapon,0,english
65,hair dryer,dehumidify,0,english
52,drum,play in a band,0,english
157,tin cans,Making some accessories,0,english
20155,rope,to play tug a war,0,english
143,brick,dance,0,english
30068,brick,to break glass,0,english
176,wheelbarrow,flower pot,0,english
204,nuclear box,to play,0,english
4,axe,put down,1,english
6,drum,use,1,english
19,belt,Make books together,0,english
93967,can,tin,0,english
23,brick,walls or walls,0,english
35,tongs,unpacking,0,english
190,nuclear box,throwing floor,0,english
172,belt,Pants,0,english
107,jar,Pen holder,0,english
1035,chair,Sit,0,english
6,drum,sell,0,english
85,stone,Pile up,0,english
96,stone,A house,0,english
1,table,write on,0,english
219,nuclear box,Collective tank,0,english
234,hair dryer,dry socks,0,english
170,nuclear box,compost bucket,0,english
185,wheelbarrow,Book races,0,english
2160,rope,I can make a swing,0,english
46,paprika,to make a salad,0,english
1217,stone,rock,1,english
122,belt,To use it,1,english
274,knife,Open the filled glasses,0,english
10158,knife,stabbing,0,english
61,stone,To build,0,english
131515,can,It can be used as a flower vase,0,english
272,knife,open and open jam,0,english
69,chair,furniture factory,0,english
97,nuclear box,Crafts the musical instrument,0,english
1217,stone,cement,0,english
6,box,use it for storage,0,english
394976,can,As a pot.,0,english
249,knife,sound instrument,0,english
409,fork,to cook,0,english
34,trumpet,trumpet,1,english
134,box,moving,0,english
102,tin cans,Use it in the kitchen,0,english
76,nuclear box,play soccer,0,english
268,wheelbarrow,Transport the earth of the hay of the cement stone of,0,english
24,axe,Fell trees,0,english
223,nuclear box,Give cat lekerlis,1,english
1012,barrel,wine container,0,english
77,knife,Garden circumcision,0,english
2084,rope,using it as a belt,0,english
79,belt,Whisk,0,english
9,paprika,use as a salad insert,0,english
6,hat,To cover yourself from the sun,0,english
118,belt,Rope,0,english
166,nuclear box,wall decoration,0,english
37,table,surface,0,english
2169,box,building a fort,0,english
9,basket,fruit,0,english
390,stone,school,0,english
100,nuclear box,cooking pot,0,english
339847,brick,for masonry,0,english
11,trumpet,let,1,english
183,hair dryer,pistol dummy,1,english
30045,brick,paperweight,0,english
49,axe,to cut a tree,0,english
81,wheelbarrow,Go shopping,0,english
38,nuclear box,Pencil,0,english
173,box,store cloths,0,english
10059,brick,weight (for holding light materials down),0,english
484,fork,eating utly,0,english
615,fork,To bring food to your mouth without making your hands dirty,0,english
17,wardrobe,For clothing cuffs,0,english
404305,can,on the ashtray,0,english
39,bed,lay,0,english
85,knife,open door,0,english
114,knife,knife to cut food,0,english
80,tire,car,0,english
30011,brick,Door stop,0,english
1398,stone,path,0,english
10135,brick,to build a wall,0,english
9,lighter,turn on a stove or candle,0,english
30129,brick,use it to break things,0,english
48,wheelbarrow,To transport a child,0,english
44,knife,cut hair,0,english
165,nuclear box,Empty as a replacement for a bowl,0,english
60000,brick,To pull one with him.,0,english
160,stone,buildings,0,english
265,nuclear box,promotion,0,english
56,knife,tool,0,english
30122,brick,A door stopper,0,english
11,tongs,hold onto,0,english
283,nuclear box,Bureaucracy,1,english
217,wheelbarrow,Sleep there,0,english
1049,book,browse,0,english
46,paprika,Eat,0,english
15,paprika,eat,0,english
196,fork,specifications,1,english
44,bed,cuddle,0,english
21,hair dryer,Dry plaster,0,english
2151,box,food storage,0,english
24,nuclear box,tower,0,english
35,nuclear box,Candle holder,0,english
48,nuclear box,litter,1,english
101342,brick,For building a house,0,english
148,belt,Dress,0,english
347,stone,ruin,0,english
101,nuclear box,draw on the circle,0,english
265,knife,scratch in wood,0,english
4,axe,lift,0,english
1060,book,reading,0,english
20018,box,Box for a computer,0,english
10206,knife,you can use a knife for a weapon,0,english
105,tin cans,Domain,1,english
2171,rope,tying stuff,0,english
185,hair dryer,drum,0,english
108,tin cans,Save grains at home,0,english
4,nuclear box,weapon,0,english
235,stone,For a street,0,english
10040,brick,to make steps,0,english
2171,rope,jump,0,english
228,hair dryer,dresses,1,english
1067,coat hangers,hang ties,0,english
30092,brick,houses,0,english
14,stone,build a road,0,english
80,tin cans,Establish old things we no longer use,0,english
102,wheelbarrow,Transport: shopping between friends,0,english
10001,knife,fishing,0,english
284,hair dryer,To dry damp diapers,0,english
10125,knife,as a kitchen implement in cooking activities,0,english
20,belt,dress,0,english
24,tire,for a car,0,english
10,wardrobe,put things on it,0,english
90,box,open,0,english
10177,knife,cut yourself,0,english
20098,rope,the rush rock climbing wall,0,english
23,stone,As a wall,0,english
10018,brick,churches,0,english
20130,box,to put fruit in,0,english
340841,can,to almost everything,1,english
2126,box,Stepping stool,0,english
118,glove,Don't get your hand dirty,0,english
54,flute,cleaning,0,english
383530,brick,as a weapon,0,english
33,trumpet,blow in,0,english
445862,can,ASHTRAY,0,english
118,bottle,pink,1,english
106,nuclear box,kick,0,english
145,hair dryer,murder,0,english
10,brick,used for building house,0,english
230,belt,Climb pants,0,english
380,fork,poke someone,0,english
2123,box,sled,0,english
479,towel,to dry off,0,english
20098,box,retards,1,english
10150,brick,making houses,0,english
30083,brick,Paperweight,0,english
40,paprika,cut into a salad,0,english
10095,knife,culinary uses,0,english
108,lighter,Turn on cigarettes,0,english
24,paprika,quarter,1,english
30127,brick,carry it as a weapon,0,english
10194,brick,sink it in water,0,english
44,flute,stow,0,english
20050,rope,tie someone up with,0,english
2184,box,A game,0,english
385609,can,piggy bank,0,english
72,wheelbarrow,Flowerpot,0,english
2026,rope,to tie to a tree,0,english
170,fork,Jabs,0,english
1035,book,instruct,0,english
2152,box,dog cage,0,english
23,tire,to move a vehichle,0,english
205,belt,To squeeze,0,english
68,hair dryer,keep warm,0,english
30011,brick,Hammer,0,english
671,towel,Dry -off plates,0,english
563,towel,dry yourself,0,english
7,wardrobe,build up,0,english
374,stone,You can build with it,0,english
1545,stone,wall up,0,english
99,belt,link,0,english
20134,rope,holding things down,0,english
88,nuclear box,speech,0,english
20098,rope,cattle,0,english
10081,brick,door holder,0,english
108,tin cans,Pencil case,0,english
2,hair dryer,Simulate the wind,0,english
30017,brick,use a to sit on,0,english
270,nuclear box,plant pot,0,english
6,nuclear box,Pin box,0,english
64,hair dryer,heat up,0,english
101342,brick,For the construction of the fence,0,english
247,knife,to throw in knife,0,english
2139,rope,tightrope,0,english
618,brick,bake,0,english
20067,rope,holding something together,0,english
20135,box,bin,0,english
227,nuclear box,As a toy for children -> Tower Baun,0,english
10058,brick,sidewalks,0,english
163,hair dryer,keep your feet warm,0,english
26,bottle,carry water,0,english
2099,rope,lasso something,0,english
30,stone,move,0,english
564679,can,"as a utility item,",0,english
30015,brick,basis of a house foundation,0,english
2047,box,learning,0,english
13,wheelbarrow,Transport of people,0,english
368206,can,piggy bank,0,english
30025,brick,building a dog house,0,english
40,fork,can eat noodles,0,english
85,nuclear box,collect garbage,0,english
528,stone,Building material,0,english
142,nuclear box,make a phone call,0,english
2051,box,home for a vagabond,0,english
10,brick,build a gate,0,english
86,tin cans,Do the door,1,english
479347,brick,"for masonry,",0,english
30015,brick,step latter,0,english
1069,barrel,drink container,0,english
49,flute,wrap up,1,english
10144,knife,peel an orange,0,english
152,knife,Knife throwing,0,english
166,knife,door opener,0,english
128,lighter,turn on stove if there is little quantity of gas,0,english
152,tin cans,Home decoration,0,english
2175,box,head  car  dog  wheels,1,english
1143,stone,Mexican wall,0,english
212,stone,build things,0,english
24,nuclear box,Put the pencils in,0,english
30014,brick,door stop,0,english
311,jar,Pen holder,0,english
2033,rope,use it to hold up your pants,0,english
25933,can,put in the flowers,0,english
30040,brick,make a door stopper,0,english
10086,brick,brick oven,0,english
171,tin cans,Quotation,1,english
30025,brick,building a wall,0,english
595,brick,Buy cement,0,english
42,table,seating,0,english
187,wheelbarrow,Push,0,english
30088,brick,build a mansion,0,english
34,rope,pull things,0,english
1,hair dryer,Dry color,0,english
45,nuclear box,drinking vessel,0,english
20154,rope,Play tug of war,0,english
2082,box,art,0,english
16,knife,pattern,1,english
30103,brick,construct stairs,0,english
161,box,store kids toys inside of it,0,english
30068,brick,elevation of something,0,english
132,tin cans,Use it in bathrooms and kitchens,0,english
2030,rope,tie it and pull things around with,0,english
66,knife,scratch in,0,english
450825,can,to make a pot,0,english
209,wheelbarrow,Decorative object,0,english
10145,brick,build a walkway or driveway,0,english
86,hair dryer,Dis your car plate,1,english
20021,rope,save a life,0,english
19,pea,soup,0,english
1007,chair,mobile,0,english
30027,brick,fighting utensil,0,english
30051,brick,To set up a campfire,0,english
1214,stone,brick wall,0,english
52,table,clean up,0,english
30133,brick,trap,0,english
219,nuclear box,Drinking glass,0,english
729,fork,spaghetti apart,0,english
59,nuclear box,character aid,1,english
10102,knife,kill someone,0,english
194,fork,To puncture something,0,english
35,table,food,0,english
103,hair dryer,Dry clothes,0,english
538647,can,container,0,english
144,hair dryer,Warm the glue,0,english
301,stone,construction workers,0,english
84,hair dryer,Instead of the towel,0,english
85,wheelbarrow,Bin,0,english
15,pea,buy on the market,0,english
102,tin cans,Use it in food,0,english
152,nuclear box,Store murmur,1,english
458715,brick,"thrown weapon,",0,english
729,fork,egg,0,english
30036,brick,you can use it to build a house,0,english
160,tin cans,Drinking bottles,0,english
29,shovel,for digging soil,0,english
87,knife,cut the meat,0,english
222,knife,stir,0,english
1842,stone,build a hut,0,english
282,belt,Whisk,0,english
2104,box,Fort,0,english
107,wheelbarrow,Carry things,0,english
44,bed,Napkin make3n,1,english
1163,stone,To build,0,english
2146,box,seat,0,english
34,wardrobe,grant,1,english
115,tin cans,Use it in agriculture,0,english
50,chair,move away,0,english
1281,stone,away,1,english
39,hair dryer,Dry nail polish,0,english
10139,brick,building playhouse in backyard,0,english
253,hair dryer,Bracelet,0,english
28,shovel,use it as a tool to dig a hole,0,english
220,brick,Bardes,1,english
55,wardrobe,Keep clothes,0,english
339220,can,flower vase,0,english
1027,barrel,Fill with homemade liqueur,0,english
18,flute,carry,0,english
146,nuclear box,Vase,0,english
289,nuclear box,As a throwing floor,0,english
120,hair dryer,Dry glue,0,english
148,knife,As a letter complaint,0,english
77,tin cans,Storage,0,english
7,bed,relate,1,english
6,saw,hanging,0,english
1850,stone,Building garden shed with bricks,0,english
65,stone,cafe brick,0,english
663,stone,bricklay,0,english
23,stone,Wall for a house,0,english
30,stone,break,0,english
32,nuclear box,As pins for bowling,0,english
6,wardrobe,rumble,0,english
60,hair dryer,Warm the body,0,english
114,knife,Transmitted knife,1,english
686,towel,to hang,0,english
290,nuclear box,to make,1,english
92,hair dryer,Dry the clothing,0,english
160,wheelbarrow,Go shopping with,0,english
61,table,eating,0,english
14,flute,Pipes,0,english
122,wheelbarrow,Speed â€‹â€‹up,1,english
96,coat hangers,as hanging also because it serves that,0,english
598277,brick,for construction/home,0,english
86,tire,accident,1,english
37,saw,saw,0,english
20031,box,accessories,0,english
342355,brick,Generally for construction,0,english
11,book,write,0,english
2158,rope,a necklace,0,english
18,stone,Break,0,english
2003,box,Shipping tool,0,english
50,fork,eat food with it,0,english
507,brick,a wall,0,english
194,stone,To Build a house,0,english
80,belt,Make a handbag handle with,0,english
189,fork,pie fork,0,english
30046,brick,wedge under a tire of a car parked on a hill to keep it from rolling,0,english
10097,brick,build to make steps,0,english
128,basket,newspaper door,0,english
210,belt,Necklace,0,english
2059,rope,tightrope,0,english
10096,brick,"a walkway, or patio",0,english
194,nuclear box,As a glass for drinks,0,english
71,bottle,hold liquid,0,english
30047,brick,to build a house,0,english
64,stone,Shout,0,english
281,nuclear box,jam,0,english
116,nuclear box,litter game,0,english
332,stone,dike,0,english
218,knife,complain,0,english
271,nuclear box,house insulation,0,english
41,bed,TV,1,english
578686,brick,tool of the murder,0,english
107,nuclear box,ball,0,english
114,stone,Building,0,english
263,belt,pants,0,english
182,belt,Disguise,0,english
20,stone,Smash,0,english
10198,brick,steps,0,english
10102,knife,filet a fish,0,english
2025,rope,noose,0,english
234,nuclear box,collect worms,0,english
2152,rope,a belt,0,english
286,nuclear box,drum,0,english
274,nuclear box,As a throwing weapon,0,english
450846,brick,get tired,1,english
235,belt,Bag shoulder,0,english
14,flute,blow in,0,english
269,hair dryer,Warm the apartment,0,english
33,hair dryer,when you are cold => warming up,0,english
44,box,store stuff,0,english
253,knife,pike,1,english
519724,brick,"To kill someone, damage",0,english
10204,knife,cut someone,0,english
136,bottle,fill it with liquids,0,english
86,tin cans,We put writing tools,0,english
65,wheelbarrow,moving means,0,english
60928,can,mug,0,english
30,coat hangers,Appendipantaloni,0,english
88,nuclear box,Submit consolidnoses,1,english
1218,stone,gateway,0,english
20097,rope,tug of war,0,english
107,hair dryer,Try nail polish,0,english
30132,brick,could use it as a dumbbell and workout with it,0,english
102,box,storage,0,english
165,wheelbarrow,Children's bed,0,english
11,flute,Whistle,0,english
547765,brick,to build something,0,english
100,tin cans,flower vase,0,english
171,nuclear box,button,0,english
296,knife,Canceling locks,0,english
595805,brick,Build,0,english
193,hair dryer,ventilator,0,english
31,stone,Breaking through,0,english
20031,box,using pencils as eating utensils,1,english
387,stone,strain,0,english
40,tongs,clear in a tool case,1,english
120,knife,knife throwing,0,english
2084,rope,shoe lace,0,english
145,nuclear box,As a bullet,0,english
234,wheelbarrow,Carry children,0,english
22,tongs,get out,1,english
14,flute,Whistle,0,english
126,wheelbarrow,As a shopping cart for shopping,0,english
55,paprika,fry,0,english
20136,box,wrap it in wrapping paper,0,english
1488,stone,pavement,0,english
386,stone,street,0,english
2117,box,collectable items,0,english
236,nuclear box,headgear,0,english
45,tire,rubber,0,english
91,fork,dinner,0,english
36,stone,building,0,english
114,hat,Vestiar article,1,english
30006,brick,put together to build something,0,english
119,brick,walls or walls,0,english
10097,knife,army uses,0,english
206,stone,Masonry*,0,english
145,belt,tournier,1,english
225,hair dryer,killing insert (bathtub),0,english
39,basket,put dirty clothes,0,english
224,wheelbarrow,Make shopping one in one that pushes,0,english
6,drum,hit,0,english
267,nuclear box,support,0,english
294,nuclear box,Use as a ballpoint pen holder,0,english
20012,box,organizer,0,english
43,tire,make a car move,0,english
2027,rope,can be used as a climbing tool example when climbing tree,0,english
10,nuclear box,Vase,0,english
144,hair dryer,Warm your feet,0,english
53,table,tinker on it,0,english
238,nuclear box,Craft,0,english
66,box,putting things inside,0,english
103,barrel,oil,0,english
246,wheelbarrow,Garden,0,english
228,stone,build a city,0,english
54,paprika,puree,0,english
117,tin cans,Save foods,0,english
312,stone,Lay the street,0,english
30006,brick,list more creative ideas of how to use a then I am on this computer,1,english
10,hat,accessory,0,english
315,stone,building material,0,english
129,wheelbarrow,Carry water,0,english
65,hair dryer,Play (pistol children),0,english
30078,brick,making a oven,0,english
6,knife,To defend themselves from attacker,0,english
229,wheelbarrow,Gardener,0,english
182,wheelbarrow,Bed,0,english
128,wheelbarrow,Transportation,0,english
20,trumpet,accompany,0,english
117,stone,mason,0,english
199,wheelbarrow,Works,1,english
130,nuclear box,ornament,0,english
2091,rope,you can use a   as a belt to hold your pants up,0,english
90,belt,Use it as a leash,0,english
1631,stone,build the office,0,english
77,tin cans,Collecting children's toys in it,0,english
119,knife,take hostage Marcella,0,english
352495,brick,House,0,english
20097,rope,to hang stuff with,0,english
20063,rope,tie something to the top of a car,0,english
52,table,sit on,0,english
6,wheelbarrow,Transportation,0,english
61,shovel,digging,0,english
77,shovel,dirt mover,0,english
224,hair dryer,as a murder instrument,0,english
2072,box,Art,0,english
281,hair dryer,Dry things,0,english
1488,can,On the ashtray.,0,english
54,shovel,dig out flowers,0,english
2096,rope,hand cuffs,0,english
100,stone,post -build,0,english
267,nuclear box,Mixing tank,0,english
93,hair dryer,Suicide,0,english
3,saw,sawing wood,0,english
2122,box,chair,0,english
473209,brick,Construction,0,english
35,book,gain knowledge,0,english
30067,brick,building towers,0,english
509,towel,dry*,0,english
1234,stone,Bricklay,0,english
65,knife,To cut food,0,english
118,knife,meal,0,english
20157,rope,tug a war,0,english
1018,coat hangers,in macchina to hang the jackets,0,english
2183,box,stool,0,english
164,wheelbarrow,Agricultural machine,0,english
49,nuclear box,Glide and keep something in it,0,english
31,tin cans,Using it is a blackboard,0,english
6,book,To increase one's culture,0,english
1485,stone,You can invest the land,0,english
259,hair dryer,Warm clothes,0,english
1278,stone,fence,0,english
21,hair dryer,dry wet robe,0,english
134538,can,as a container,0,english
2177,rope,pet leash,0,english
240,belt,Make a tourniquet,0,english
2,hair dryer,dry trousers dry,0,english
30093,brick,you can use a as a hammer,0,english
21,wheelbarrow,Stroller,0,english
10177,knife,cut food,0,english
10061,knife,knife to cut animal or human when they need to,0,english
20140,rope,jump,0,english
10200,brick,build a clumb of bricks,0,english
35,basket,carrier,0,english
2052,box,Step Stool,0,english
138,nuclear box,Keep buttons,0,english
670,brick,A fence,0,english
55,stone,Strain,0,english
10058,brick,patios,0,english
30102,brick,use as a lifting weight,0,english
10,basket,bring sweets,0,english
135,hair dryer,To dry the ears,0,english
156,wheelbarrow,Use it as a stroller,0,english
30120,brick,Use it as a paper weight,0,english
77,bottle,baby bottle,0,english
468,fork,use to puncture something,0,english
36,stone,housing,0,english
58,hair dryer,Wind machine,0,english
101,nuclear box,Place screws in,0,english
98,nuclear box,Raw material,0,english
23,bed,You can set up your bedroom with a bed,0,english
84,knife,knife throwing,0,english
621,can,cans as a ashtray,0,english
56,box,storage boxes,0,english
2184,rope,tie things from cars,0,english
553,brick,home,0,english
2005,rope,tie things up,0,english
5,bed,read,0,english
6,tire,wheel,0,english
51,stone,throw through the window,0,english
11,trumpet,try,1,english
29,tongs,to hold something,0,english
627,brick,"Build houses, buildings",0,english
2062,rope,make a tire swing,0,english
65,coat hangers,coat hangers,1,english
86,bottle,The glass of a bottle,1,english
531,brick,Wall,0,english
273,nuclear box,as a game - refused shooting stalls,0,english
10142,brick,trim around homes,0,english
64,fork,eating,0,english
261,knife,Remove dirt,0,english
630,stone,different ways of bricklaying,0,english
357,fork,jabs,0,english
148,tin cans,Cosmetics put it,0,english
11,coat hangers,To hang clothes in the closet,0,english
30133,brick,breaking and entering,0,english
131,stone,Wall up,0,english
1631,knife,Cut with him,0,english
35,tire,bike,0,english
115,nuclear box,cord,1,english
1020,barrel,aging,0,english
7,wheelbarrow,Displacement,0,english
10161,knife,hunting,0,english
40,trumpet,clean,0,english
77,tire,rubber circle,0,english
2054,rope,whip,0,english
137,stone,stern,1,english
20007,rope,tug war,0,english
211,fork,peck somewhere,0,english
137,tin cans,Pens,0,english
132,tin cans,Use it to heat the food,0,english
63,brick,Bardes,1,english
648,stone,bricklay,0,english
12,rope,to tie a knot,0,english
30015,brick,steps,0,english
118,tire,puncture,0,english
12,belt,Bag,0,english
210,nuclear box,For crafting,0,english
10,bicycle,go around,0,english
2183,box,table stand,0,english
33,nuclear box,craft,0,english
205,nuclear box,Target exercise,0,english
747,fork,join for dinner,0,english
20051,rope,tie a box onto the top of the car,0,english
48,stone,Street,0,english
31,nuclear box,PHONE,1,english
329,fork,To eat,0,english
80,shovel,dig soil,0,english
84,shovel,use to dig a hole,0,english
51,table,sit on,0,english
10080,knife,"cutting items ex. food, boxes",0,english
1194,stone,barn,0,english
289,fork,Kloten with Baptists,1,english
15512,can,ashtray,0,english
363,fork,Turning spaghetti,0,english
20098,rope,get me out of here,1,english
153,tin cans,Performing personal tools,0,english
140,wheelbarrow,scour,1,english
347186,brick,"- construction of a wall,",0,english
72,shovel,shoveling dirt,0,english
258,hair dryer,Murder weapon,0,english
416,stone,Wall (outside),0,english
255,nuclear box,cookie cutter,0,english
1701,stone,driveway,0,english
40,rope,pulling,0,english
30100,brick,holding a door open as a stopper,0,english
2126,box,seat,0,english
16,trumpet,play on it,0,english
277,nuclear box,Playing foot,0,english
30051,brick,To build stairs,0,english
252,wheelbarrow,wheelbarrow to move wood or mortar,0,english
355,stone,A construction me at all,0,english
30,stone,window,0,english
37,table,eating surface,0,english
2190,rope,swing,0,english
3,wardrobe,Storage of clothes,0,english
11,paprika,bring along,0,english
210,hair dryer,Electroshock,0,english
474845,can,vase,0,english
45,trumpet,Pale music,0,english
354,fork,poke things,0,english
30023,brick,Projectile,0,english
69,chair,Sit,0,english
53,violin,practice,0,english
44,flute,polishing,0,english
20037,rope,holding things,0,english
660,fork,brag,0,english
2163,box,Fort,0,english
2136,box,CAT BED,0,english
10,shovel,shovel is a tool for digging,0,english
102,tin cans,Collect scattered things,0,english
81970,can,Collector of everything,0,english
179,stone,Shed,0,english
2084,rope,tug a war,0,english
2165,box,fort,0,english
197,belt,Bag,0,english
2078,box,Cat home,0,english
177,belt,To dress better an outfit (example: on dress),0,english
75,wheelbarrow,Sort of stroller,0,english
253,knife,Scissors,0,english
10118,brick,fence,0,english
10128,brick,"make a house, building",0,english
30019,brick,as a paper weight,0,english
29,nuclear box,as a flower vase,0,english
630,stone,add,0,english
166,fork,table cover,0,english
45,brick,red,1,english
177,hair dryer,As in the thriller as a murder instrument,0,english
221,nuclear box,for balancing,0,english
67,coat hangers,carriers,0,english
165,fork,To poke food,0,english
154,wheelbarrow,Sleep in it,0,english
30097,brick,a car stopper,0,english
11,paprika,culminate,1,english
88,nuclear box,memory ball,0,english
20148,rope,Tie something,0,english
2085,box,art,0,english
30,hat,cover yourself from the sun,0,english
281,knife,Open the can box,0,english
21,tire,driving,0,english
152,tin cans,Cubes for children,0,english
135,lighter,dissolve,0,english
10101,knife,slicing,0,english
341233,can,Piggy bank,0,english
108,nuclear box,Pencil container,0,english
126,belt,Necklace,0,english
106,stone,crumble,0,english
107,belt,Tie up,0,english
63,hair dryer,Dis your front door,1,english
222,nuclear box,speak,0,english
55,rope,tying,0,english
165,hair dryer,To warm up the hands,0,english
20022,rope,to tie things with it,0,english
1461,stone,chimney,0,english
25,tire,for a bicycle to work,0,english
10189,brick,people use them to outline a garden or something like that for decoration,0,english
1199,stone,Building block,0,english
15,belt,Hut a suitcase,0,english
131,belt,Make a necklace,0,english
46,violin,give a concert,0,english
141,fork,to cook,0,english
9,lighter,set fire to something,0,english
40,chair,pile,1,english
77,wheelbarrow,Transport,0,english
486613,brick,for wall construction,0,english
10018,knife,"cut meat, vegetables, food products",0,english
14,book,light,1,english
14,bed,sleep,0,english
596,towel,drying hands,0,english
119,nuclear box,self -defense,0,english
30059,brick,walk ways to front door,0,english
6,shovel,dig out,0,english
2163,rope,leash,0,english
90,hair dryer,Dry paper,0,english
108,nuclear box,rattle,0,english
2068,box,playhouse,0,english
28,brick,Horn,0,english
1130,stone,You can use it to build a house,0,english
369107,brick,Windows knocking out,0,english
104,tin cans,Wastebasket,0,english
22,shovel,dig,0,english
2056,box,table,0,english
2130,rope,necklace,0,english
108,lighter,MELT,0,english
85,coat hangers,leaf,1,english
516,stone,fence,0,english
2179,rope,to attach one item to another,0,english
44,flute,taking lessons,0,english
136,glove,protect your hands,0,english
49,chair,upset,1,english
130440,brick,bullet,0,english
45,brick,hard,1,english
54,bottle,to store water,0,english
73435,brick,construction,0,english
32,basket,food container,0,english
1881,stone,village,0,english
82,belt,An animal leash,0,english
214,hair dryer,to warm,0,english
24,table,clear,1,english
1207,stone,tower,0,english
41,drum,Create music,0,english
37,bottle,drink,0,english
174,hair dryer,Warm with it in winter,0,english
2121,rope,lasso,0,english
12,table,to sit at the table,0,english
76,wheelbarrow,A stroller,0,english
14,lighter,light up a cigarette,0,english
30063,brick,you could use it as a weight  for like a slingshot thing,0,english
20107,box,Container,0,english
200,fork,ancest,1,english
1,trumpet,gnaw,0,english
10182,knife,use it as a protector from things,0,english
2085,rope,arts and crafts,0,english
276,belt,Close a box/box,0,english
130,knife,conduct electricity,0,english
11,flute,own,1,english
19,wardrobe,set up,0,english
10153,brick,building tool,0,english
145,tin cans,Quotation,1,english
258,knife,Arrow,0,english
13,tire,put on a car,0,english
4,belt,Whip,0,english
58,hair dryer,flare up,0,english
10138,knife,scrape something off,0,english
60000,brick,Break the dishes,0,english
111,belt,Collar,0,english
2155,rope,ties,0,english
181,nuclear box,Build tower,0,english
30054,brick,us as a weight for exercise,0,english
355472,can,protecting the edge,0,english
20097,box,a place to hold my books,0,english
114,stone,Builder,0,english
91,wheelbarrow,Use it as a shopping cart to do the shopping,0,english
80,bottle,put a m,1,english
138,hair dryer,tub into the tub,0,english
563,towel,Clean up water,0,english
131,basket,bring flowers,0,english
2085,box,holds things,0,english
263,wheelbarrow,Children's games,0,english
372153,can,as a flowerbed,0,english
2091,box,Use it as a table by taping it up,0,english
148,box,store clothing away,0,english
415,stone,muir,0,english
113804,can,"as a container,",0,english
10180,brick,brick as a heavy paperweight,0,english
268,hair dryer,To melt ice,0,english
30019,brick,rest something on top of the,0,english
60000,brick,Breaking the Glass,0,english
278,wheelbarrow,Flower bin,0,english
119,box,cardboard,1,english
79,nuclear box,In the fairground,0,english
10235,brick,step,0,english
7,book,become cultured,0,english
210,nuclear box,Maldose,1,english
9,bottle,with fresh water to relax,0,english
96,chair,precisely you sit,0,english
272,wheelbarrow,Garden,0,english
10170,brick,cover a hole,0,english
168,nuclear box,Sugar,1,english
260,stone,to build,0,english
75202,can,Do nothing.,1,english
1005,coat hangers,hang clothes,0,english
350884,can,A pot for a small flower,0,english
148,wheelbarrow,Carry garden things,0,english
266,hair dryer,dry wet clothes,0,english
60,nuclear box,shooting,0,english
26592,brick,Construction of any any building,0,english
409,stone,construction worker,0,english
266,nuclear box,means of communication,0,english
30078,brick,weight to hold something down,0,english
34,wardrobe,sell,0,english
20115,rope,tie someone's ankles to it,0,english
132,box,moving,0,english
209,hair dryer,Simulate wind for photos,0,english
2112,rope,a belt,0,english
39,box,moving goods,0,english
11,nuclear box,Marble holder,0,english
24,trumpet,drop,0,english
21,tin cans,Other sheet industry,0,english
215,belt,Around a suitcase to prevent it from opening,0,english
55,wardrobe,Keep the plate,0,english
10147,brick,door stop,0,english
10230,knife,flatten tires,0,english
10137,brick,doors,0,english
44,knife,meat,0,english
32,chair,lean,0,english
117,wheelbarrow,child games,0,english
10213,knife,kill flies,0,english
129,hair dryer,Suicide in the bathtub,0,english
170,knife,to open,0,english
1223,stone,stone,1,english
30119,brick,you can use the as a base for something.,0,english
15,wheelbarrow,Do people,0,english
167,tin cans,Trash basket,0,english
44,tire,tic,1,english
2072,box,Home,0,english
283,knife,Open bottles,0,english
11,drum,make a sound,0,english
10044,knife,command someone by threat,0,english
608,towel,to dry,0,english
1757VRAH165,rope,jump over it,0,english
116,hair dryer,warm up,0,english
32,nuclear box,column,1,english
147,nuclear box,To throw the head,0,english
84,book,use as a tool to learn new things,0,english
214,nuclear box,To make noise,0,english
1,wheelbarrow,Carry things,0,english
190,knife,Part of a costume,0,english
2107,box,Use it as a table,0,english
179,hair dryer,To dry the pants,0,english
10153,knife,weapon,0,english
1632,stone,floor,0,english
621,stone,chimney,0,english
37,wardrobe,tip over,0,english
2076,box,gift,0,english
30067,brick,floor,0,english
15,violin,make music,0,english
229,nuclear box,fetch water,0,english
18,bed,make,0,english
230,stone,house,0,english
296,nuclear box,Cup,0,english
153,wheelbarrow,race,0,english
1202,stone,bridge,0,english
140,tin cans,Make a specific shape,0,english
164,tin cans,Falza for roses,1,english
30030,brick,you can use it for a fire place,0,english
354,fork,stirring in food,0,english
35,hat,shelter alone,0,english
294,hair dryer,blow dry clothes dry,0,english
86,bottle,Drink,0,english
75,nuclear box,To commit suicide,0,english
271,hair dryer,for suicide,0,english
102584,can,for a flower pot,0,english
185,tin cans,Using it in the transplant process,0,english
11,shovel,smash,0,english
54,table,place to eat off of,0,english
313,stone,bows,1,english
35,violin,buy,0,english
20036,rope,latter,1,english
10,glove,avoid keeping something directly,0,english
215,nuclear box,drink,0,english
449508,can,as a drinking dish,0,english
2012,rope,belt,0,english
10215,knife,use to pry open something,0,english
110,wheelbarrow,Game to push someone (race),0,english
133,hair dryer,Create electric shocks,0,english
10158,brick,mailbox,0,english
122,belt,Attach,0,english
167,tin cans,Cultivation,0,english
269,nuclear box,Treasure cheek,0,english
239,hair dryer,warm up hands,0,english
117303,can,for ashtray,0,english
495,fork,To eat with,0,english
458992,can,to make a pot,0,english
9,knife,threaten someone,0,english
446,jar,Handle,1,english
20057,box,storing things,0,english
553107,brick,for building a house,0,english
119,hair dryer,The cable as a murder weapon,0,english
743,towel,dry,0,english
135,hair dryer,To warm a baby popo,0,english
168,box,store excess,0,english
10082,knife,peel potatoes,0,english
105217,brick,To build a fort,0,english
1010,barrel,wine,0,english
49,trumpet,throw away,0,english
285,nuclear box,coin collection,0,english
2124,box,a home or place to sleep,0,english
30025,brick,building a house,0,english
360862,can,mug,0,english
30034,brick,it can be used to have anything stand higher when needed.,0,english
108,book,read it,0,english
20055,rope,hold things together,0,english
35,violin,voices,1,english
770,towel,Beach towel,0,english
723,brick,cottage,0,english
10027,knife,cut a tire,0,english
185,hair dryer,Melt snow,0,english
2151,box,footrest,0,english
1012,barrel,container to preserve,0,english
205,wheelbarrow,To roll,0,english
30,book,browse,0,english
164,hair dryer,throw in the bathtub,0,english
175,hair dryer,nail polish,0,english
768,fork,specifications,1,english
20036,box,junk,0,english
412193,can,as an ashtray,0,english
290,nuclear box,As a template for holes/circles,0,english
10144,knife,rob somebody,0,english
12,paprika,steam,1,english
10239,knife,chopping,0,english
10082,brick,foundation of house,0,english
5,tongs,fix something,0,english
2061,box,hold clothes,0,english
196,belt,Attached,0,english
30,basket,magazine collector,0,english
30050,brick,could be placed around a bonfire to keep it from spreading,0,english
228,stone,Tile a street,0,english
281,wheelbarrow,Races,0,english
2087,box,furniture,0,english
155,tin cans,Obesity,1,english
162,tin cans,Bird house,0,english
61,nuclear box,plant pot,0,english
1828,stone,Build a wall with,0,english
1020,barrel,beer,0,english
523746,can,bin,0,english
9,tongs,Pull the nail out of the wall,0,english
250,knife,Cut with him,0,english
57,tire,ride a car,0,english
2048,rope,as a belt,0,english
86,tire,motorways,0,english
269,wheelbarrow,Teller,1,english
1680,stone,Huis van Bouwen,1,english
51,chair,Put things on it,0,english
4,tongs,put in the tool box,0,english
44,tongs,Bend wires,0,english
2096,rope,wristband,0,english
10120,brick,building steps,0,english
119,knife,chick up onions,0,english
22,trumpet,practice,0,english
111,wheelbarrow,Play with children,0,english
146,nuclear box,pen can,0,english
60000,brick,Throwing the side of someone to fight,0,english
251,stone,pile up,0,english
571625,can,for cutting,0,english
1331,stone,house,0,english
10047,knife,cut something,0,english
118,hat,for beauty,0,english
106,knife,write in the sand,0,english
210,wheelbarrow,Construction,0,english
48,hair dryer,Warmth of cold feet,0,english
45,axe,pack away,0,english
109,tin cans,sharp tool,0,english
1368,stone,build away,0,english
1025,barrel,contain liqueur,0,english
4,violin,import,0,english
155,tin cans,And the things in an organized form,0,english
107,hair dryer,letter complaint,0,english
168,hair dryer,Dry skin#,0,english
30,wardrobe,for dishes,0,english
120,stone,house,0,english
25,bottle,to drink juice,0,english
70,knife,letter complaint,0,english
773,towel,something with it,1,english
64,stone,Street tiling,0,english
24,table,tip over,0,english
150,hair dryer,for heating,0,english
8,shovel,to dig,0,english
241,nuclear box,Musical instrument,0,english
30093,brick,"you can use as a stopper""",0,english
2,saw,saw,0,english
599,brick,Make a fence,0,english
186,nuclear box,telephone,0,english
124,fork,You can eat with it,0,english
161,tin cans,Bottle to save flowers,0,english
116,basket,fruit bowl,0,english
2164,rope,necklace,0,english
95,belt,Rope,0,english
2185,box,package food,0,english
15,violin,Learn to play the violin,0,english
10194,knife,cut wood,0,english
22,pea,cook,0,english
10079,knife,rob a bank with it,0,english
82,brick,make walls,0,english
160,hair dryer,To move small opposites,0,english
55,wheelbarrow,Baby stroller,0,english
18,axe,columns,1,english
32,hair dryer,Dry dishes,0,english
30104,brick,to smash something,0,english
30,belt,fashion accessory,0,english
80,bottle,hold liquids,0,english
116,basket,linen door,1,english
46,knife,Knife throw,0,english
284,knife,As a sound disc,0,english
1241,stone,brick,0,english
204,nuclear box,as jewelry,0,english
92,hair dryer,Wind for photo shoot,0,english
2085,box,furniture,0,english
9,shovel,to lend,0,english
141,nuclear box,pranks,0,english
30033,brick,paper holder  keep them from flying away,0,english
181,stone,Wall,0,english
37,axe,need,1,english
30022,brick,Barrier,0,english
30046,brick,weight down papers,0,english
184,rope,pull stuff,0,english
155,nuclear box,pen holder,0,english
2181,box,play fort,0,english
62,tire,wheel on bike,0,english
82,bottle,fill with water /liquid,0,english
135,tin cans,Store water with it,0,english
361924,can,As a vessel.,0,english
35,axe,hide,0,english
679,brick,home,0,english
6,wardrobe,stow,0,english
244,belt,Make a style,0,english
1,nuclear box,cord,1,english
86,tire,point withdrawal,1,english
2040,rope,net,0,english
149,belt,Pants,0,english
543,stone,build a house,0,english
65151,brick,Make a head,0,english
126,bottle,liquid container,0,english
148,tin cans,It is placed in skin care products,0,english
1,trumpet,play in a music group,0,english
105,glove,take something hot,0,english
114,nuclear box,bucket,0,english
1159,stone,wall up,0,english
10091,brick,streets,0,english
253,nuclear box,Treasure chest,0,english
10097,knife,killings,0,english
2010,rope,bracelet,0,english
2154,rope,exercise equipment,0,english
1525TAMA168,rope,Circle,1,english
10150,knife,scrape off dirt from objects,0,english
39419,can,Waste reservoir,0,english
434,jar,Pen box,0,english
10115,knife,spread butter,0,english
30086,brick,A paper weight,0,english
20059,rope,to find something,0,english
86,tire,driver,0,english
39857,brick,make a wall with brick,0,english
109,nuclear box,To mix the color,0,english
30,wheelbarrow,incidentally can be used to transport earth or other materials,0,english
86148,brick,Make a fast grill,0,english
44,saw,split up,0,english
10,bottle,storing fruit juice,0,english
297,fork,pierce someone,0,english
154,tin cans,Waste basket,0,english
85,nuclear box,build,0,english
10194,knife,stab somebody,0,english
46,shovel,move dirt,0,english
10044,knife,chop down trees,0,english
609,stone,construction worker,0,english
688,fork,take someone along,0,english
165,nuclear box,As a eating bowl for animals,0,english
1152,stone,operate,0,english
9,lighter,Heat something metal,0,english
2049,box,Sled,0,english
30044,brick,step stool,0,english
453390,can,cup,0,english
1177,stone,bricklay,0,english
30104,brick,to prop a door open,0,english
172,stone,You can use brick to build a house,0,english
151,tin cans,Decorative,0,english
108,lighter,Turn on candles,0,english
2151,rope,dog toy,0,english
2501,hat,Sun of the sun,0,english
20044,rope,decoration,0,english
710,towel,body dry,0,english
416286,can,dogs.,1,english
373,stone,stack,0,english
23,wardrobe,Keep shoes in it,0,english
2061,rope,harness,0,english
11,hair dryer,Dry fingernails dry,0,english
174,wheelbarrow,Move children,0,english
2057,rope,pulling someone out of a hole,0,english
19,flute,music,0,english
22,box,cardboard and can be recycled,0,english
1051,barrel,conenisher,1,english
24,shovel,bury,0,english
3,book,Education and information,0,english
178,hair dryer,As a wind machine,0,english
10085,brick,road,0,english
42,pea,fry,0,english
111,wheelbarrow,Carry a friend,0,english
62,coat hangers,Appendicravatte,0,english
30037,brick,construction for a house,0,english
49,axe,chop wood,0,english
2154,rope,to climb,0,english
63252,brick,You can build,0,english
173,nuclear box,telephone listener,0,english
1657SISE175,rope,Rope jump,0,english
10082,brick,border for a garden,0,english
142,hair dryer,murder weapon,0,english
84,stone,Throw through the window,0,english
11,table,bring away,0,english
54,chair,stand on it,0,english
138,stone,one about building,0,english
1554,stone,build a well,0,english
118,basket,basket of the well,0,english
10142,brick,trim around flowers,0,english
32,trumpet,Create tones,0,english
236,nuclear box,rocket holder,0,english
633,brick,Support for the construction of a house,0,english
86,tin cans,Games forms,0,english
30020,brick,use as a weapon,0,english
10074,brick,make steps,0,english
345555,brick,"break the window with it,",0,english
120,tin cans,Street animal container,0,english
105,knife,Cut the food,0,english
20060,box,inn a race,0,english
79,tin cans,Chemicals holders,0,english
20080,rope,us it for tug of war,0,english
65,wheelbarrow,nobody,1,english
13,drum,Accompany music,0,english
20123,rope,arrest,0,english
2154,box,to live in,0,english
4,bed,sit on,0,english
49,nuclear box,You can shoot on it,0,english
187,hair dryer,handicraft,0,english
80,nuclear box,Goal when s1chieÃŸen,1,english
190,knife,tool,0,english
2811,hat,Head,0,english
43,bed,disassemble,0,english
30077,brick,throw it and see if you can break it,0,english
30017,brick,way down something with,0,english
55,nuclear box,for a cordon phone,0,english
125,hair dryer,Toy gun,0,english
112,tin cans,Save cheese,0,english
30082,brick,building supply,0,english
6,paprika,wash,1,english
35,shovel,removing earth,0,english
16,hair dryer,Make up dry,0,english
151,nuclear box,In the bathroom for make -up pins,0,english
20072,box,storage,0,english
174,nuclear box,vase,0,english
104,tin cans,Storing certain clothes,0,english
4,tongs,lift,0,english
267,nuclear box,Jewelry,0,english
110,nuclear box,as a tealight holder,0,english
30011,brick,Swatter,0,english
2019,box,Chair,0,english
195,hair dryer,Dry nail polish,0,english
185,nuclear box,Store screws,0,english
20018,box,mate,1,english
85,table,dra,1,english
120,hair dryer,Dry wet laundry,0,english
75,stone,Break something,0,english
2191,box,a stepping stool,0,english
200,wheelbarrow,Gardening,0,english
42,drum,give away,0,english
10,brick,build a wall,0,english
50,shovel,Beet dug up,0,english
522,fork,eeten,1,english
30,hat,protect yourself from the sun,0,english
2158,rope,shoelace,0,english
170,stone,Tile,0,english
96,nuclear box,collect water,0,english
691,fork,to beat,0,english
678,brick,Construction of any cation of buildings,0,english
22,tongs,repair,0,english
1306,stone,lay streets,0,english
208,nuclear box,For shooting for balls,0,english
11,table,use as a stable surface,0,english
109,stone,wall,0,english
22,axe,fell,0,english
30044,brick,for lifting weights,0,english
14,lighter,light up a candle,0,english
76,wheelbarrow,A way to store your races,0,english
355,stone,build a house,0,english
31,stone,Lay down,0,english
32,lighter,light a fire,0,english
162,fork,spaghetti,0,english
30050,brick,breaking a window,0,english
87,nuclear box,booth,0,english
60000,brick,Throw u fight,0,english
106,nuclear box,As a destination for bow and arrow,0,english
297,knife,Sound,1,english
550208,brick,As a crime tool.,0,english
213,hair dryer,Guard dry,0,english
20,basket,Chicken egg holder,0,english
370747,can,on the ashtray,0,english
221,wheelbarrow,for a race,0,english
54,tin cans,luggage,0,english
73,chair,make a person sit,0,english
33,bed,carry,0,english
10128,brick,"make a driveway, walkway",0,english
189,knife,For gate work,0,english
30024,brick,fire stone,0,english
1150,stone,build buildings,0,english
373,fork,pierce someone,0,english
47,nuclear box,target shooting,0,english
31,drum,In a drum group,0,english
115,basket,Below Basket,1,english
10016,brick,put around a flower garden,0,english
137,wheelbarrow,Move / move heavy objects in the garden,0,english
2085,rope,exercise with it,0,english
1187,stone,church,0,english
10056,brick,castle,0,english
359,jar,Save money,0,english
6,nuclear box,Souvenir,0,english
10142,brick,foundations,0,english
20086,box,hold items,0,english
1216,stone,stack,0,english
208,nuclear box,As a cigarette cup cup,0,english
114,glove,Cover for the cold,0,english
411,stone,pave,0,english
200,wheelbarrow,Children's transport,0,english
30042,brick,holder,0,english
78,nuclear box,Keep Krams,0,english
4,table,take a seat,0,english
656,brick,Create great constructions,0,english
122,hair dryer,Dry pants,0,english
2025,rope,tug of war,0,english
86,knife,seduction,0,english
11,tongs,to store,0,english
30059,brick,bust glass,0,english
68,nuclear box,Musical instrument,0,english
134502,can,As an ashtray,0,english
40,drum,play on it,0,english
42,belt,Skip,1,english
26,flute,play,0,english
39,wheelbarrow,Walk away,0,english
128,basket,sit!,0,english
88,tin cans,Games box,0,english
32,hair dryer,heat up,0,english
576396,brick,Throw,0,english
89,tire,to roll,0,english
10103,knife,to kill,0,english
22,table,turn off,1,english
100,tin cans,recycling,0,english
118,tin cans,decor,0,english
3030,hat,Protect the head,0,english
20115,rope,use it as a weapon,0,english
60000,brick,Hitting someone's heads time,0,english
25,bottle,to drink water,0,english
167,belt,Use it as a whip,0,english
1193,stone,You can build everything with it,0,english
29,trumpet,Blow through air,0,english
98,stone,Sidewalk,0,english
238,wheelbarrow,Toy,0,english
